Timestamp,User Count,Type,Name,Requests/s,Failures/s,50%,66%,75%,80%,90%,95%,98%,99%,99.9%,99.99%,100%,Total Request Count,Total Failure Count,Total Median Response Time,Total Average Response Time,Total Min Response Time,Total Max Response Time,Total Average Content Size
1700984625,0,,Aggregated,0.000000,0.000000,N/A,N/A,N/A,N/A,N/A,N/A,N/A,N/A,N/A,N/A,N/A,0,0,0,0.0,0,0,0
1700984627,500,,Aggregated,0.000000,0.000000,N/A,N/A,N/A,N/A,N/A,N/A,N/A,N/A,N/A,N/A,N/A,0,0,0,0.0,0,0,0
1700984632,1000,,Aggregated,0.000000,0.000000,N/A,N/A,N/A,N/A,N/A,N/A,N/A,N/A,N/A,N/A,N/A,0,0,0,0.0,0,0,0
1700984634,1000,,Aggregated,0.000000,0.000000,N/A,N/A,N/A,N/A,N/A,N/A,N/A,N/A,N/A,N/A,N/A,0,0,0,0.0,0,0,0
1700984635,1000,,Aggregated,0.000000,0.000000,8900,9000,9000,9000,9000,9000,9000,9000,9000,9000,9000,250,0,8913.529175000804,8944.916655739991,8913.529175000804,9039.501236000433,1351.0
1700984636,1000,,Aggregated,0.000000,0.000000,8900,9000,9000,9000,9000,9000,9000,9000,9000,9000,9000,250,0,8913.529175000804,8944.916655739991,8913.529175000804,9039.501236000433,1351.0
1700984637,1000,,Aggregated,25.000000,0.000000,9000,9000,9000,9200,12000,12000,12000,12000,12000,12000,12000,328,0,9000.0,9432.948772847529,2917.0545999986643,12279.644237998582,1351.0
1700984638,1000,,Aggregated,25.000000,0.000000,9000,9000,11000,12000,12000,13000,13000,13000,13000,13000,13000,355,0,9000.0,9695.844554588695,2917.0545999986643,13350.543340999138,1351.0
1700984640,1000,,Aggregated,33.100000,0.000000,9000,11000,12000,12000,14000,15000,15000,15000,15000,15000,15000,400,0,9000.0,10212.22622122998,2917.0545999986643,14760.841901001186,1351.0
1700984642,1000,,Aggregated,38.000000,0.000000,9000,11000,12000,12000,14000,15000,15000,17000,17000,17000,17000,414,0,9000.0,10131.693558367122,2718.187329999637,16894.998325000415,1351.0
1700984643,1000,,Aggregated,40.000000,0.000000,9000,12000,13000,14000,17000,18000,18000,18000,18000,18000,18000,540,0,9000.0,10475.108493520343,764.0286810001271,18047.37110199858,1351.0
1700984644,1000,,Aggregated,40.000000,0.000000,9000,12000,14000,15000,17000,18000,19000,19000,19000,19000,19000,640,0,9000.0,9940.49296531562,764.0286810001271,19142.10375499897,1351.0
1700984645,1000,,Aggregated,41.400000,0.000000,9000,12000,14000,15000,17000,18000,18000,19000,19000,19000,19000,679,0,9000.0,9633.434168954334,764.0286810001271,19142.10375499897,1351.0
1700984647,1000,,Aggregated,39.300000,0.000000,9000,12000,14000,15000,18000,18000,18000,19000,19000,19000,19000,817,0,9000.0,9466.374064121177,758.6000009996496,19142.10375499897,1351.0
1700984648,1000,,Aggregated,42.900000,0.000000,9000,12000,14000,14000,17000,18000,18000,19000,19000,19000,19000,897,0,9000.0,9124.965861701232,465.0127210006758,19142.10375499897,1351.0
1700984650,1000,,Aggregated,53.400000,0.000000,9000,12000,14000,14000,17000,18000,18000,19000,19000,19000,19000,960,0,9000.0,8992.869791014591,465.0127210006758,19142.10375499897,1351.0
1700984653,1000,,Aggregated,56.000000,0.000000,9000,13000,14000,17000,17000,18000,18000,19000,19000,19000,19000,1110,0,9000.0,9128.415974719823,465.0127210006758,19142.10375499897,1351.0
1700984655,1000,,Aggregated,65.200000,0.000000,9000,14000,17000,17000,18000,20000,20000,20000,20000,21000,21000,1320,7,9000.0,9466.70010555454,465.0127210006758,20969.14313399975,1343.835606060606
1700984657,1000,,Aggregated,65.200000,0.000000,9000,14000,17000,17000,18000,20000,20000,20000,20000,21000,21000,1320,7,9000.0,9466.70010555454,465.0127210006758,20969.14313399975,1343.835606060606
1700984659,1000,,Aggregated,50.800000,0.700000,8900,13000,17000,17000,20000,23000,23000,23000,23000,23000,23000,1659,27,8900.0,9259.349538538889,186.2421149999136,23365.85696900147,1329.012658227848
1700984660,1000,,Aggregated,75.600000,2.700000,8900,14000,17000,17000,20000,23000,26000,26000,26000,26000,26000,1794,28,8900.0,9474.415139121524,186.2421149999136,25936.050685999362,1329.9141583054627
1700984661,1000,,Aggregated,69.300000,2.700000,8900,13000,17000,17000,20000,23000,26000,26000,26000,26000,26000,1831,28,8900.0,9320.023839538508,186.2421149999136,25936.050685999362,1330.3402512288367
1700984662,1000,,Aggregated,78.100000,2.800000,6600,12000,15000,17000,20000,23000,26000,26000,28000,28000,28000,1991,39,6600.0,8883.01835143145,165.98973299915087,28475.311297999724,1324.5364138623806
1700984664,1000,,Aggregated,83.800000,3.000000,3700,12000,15000,17000,20000,23000,26000,26000,28000,29000,29000,2125,39,3700.0,8441.18423099955,165.98973299915087,28901.444510000147,1326.2051764705882
1700984665,1000,,Aggregated,92.500000,3.900000,3400,9000,14000,17000,20000,23000,26000,26000,28000,29000,29000,2240,44,3400.0,8063.094215350465,160.71942700000363,28901.444510000147,1324.4625
1700984666,1000,,Aggregated,97.900000,3.900000,3300,9000,14000,17000,20000,23000,26000,26000,28000,29000,29000,2339,44,3300.0,7756.752714250559,160.71942700000363,28901.444510000147,1325.5857203933306
1700984667,1000,,Aggregated,88.400000,4.300000,3100,9000,14000,17000,20000,23000,26000,26000,28000,29000,29000,2415,51,3100.0,7536.210759018658,57.96874899897375,28901.444510000147,1322.4695652173914
1700984668,1000,,Aggregated,94.900000,3.700000,3000,8900,14000,15000,20000,23000,26000,26000,28000,29000,29000,2506,51,2900.0,7289.233536035536,57.96874899897375,28901.444510000147,1323.5055865921788
1700984669,1000,,Aggregated,102.900000,3.700000,2700,8900,13000,15000,20000,23000,26000,26000,28000,29000,29000,2615,51,2700.0,7017.971654111301,57.96874899897375,28901.444510000147,1324.6516252390056
1700984670,1000,,Aggregated,83.300000,2.400000,2600,8900,12000,14000,19000,23000,26000,26000,28000,29000,29000,2701,57,2600.0,6814.859136862292,57.96874899897375,28901.444510000147,1322.489448352462
1700984671,1000,,Aggregated,91.700000,2.400000,2600,8900,12000,14000,19000,23000,26000,26000,28000,29000,29000,2785,57,2600.0,6627.559078467161,57.96874899897375,28901.444510000147,1323.3493716337523
1700984672,1000,,Aggregated,92.600000,2.300000,2600,8900,12000,14000,18000,23000,26000,26000,28000,29000,29000,2869,57,2600.0,6453.283772207062,57.96874899897375,28901.444510000147,1324.158940397351
1700984673,1000,,Aggregated,92.800000,2.900000,2400,4400,9200,14000,18000,23000,26000,26000,28000,29000,29000,2978,70,2400.0,6249.861547851931,57.96874899897375,28901.444510000147,1319.2437877770315
1700984674,1000,,Aggregated,90.200000,2.700000,2300,3700,9000,14000,18000,23000,26000,26000,28000,29000,29000,3082,76,2300.0,6073.11079884136,57.96874899897375,28901.444510000147,1317.6852693056458
1700984676,1000,,Aggregated,89.700000,3.100000,1900,3700,9000,13000,18000,23000,26000,26000,28000,29000,29000,3212,82,1900.0,5852.980853255936,57.96874899897375,28901.444510000147,1316.5099626400997
1700984677,1000,,Aggregated,94.500000,3.300000,1800,3400,9000,13000,18000,20000,26000,26000,28000,29000,29000,3309,82,1800.0,5699.342598255989,57.96874899897375,28901.444510000147,1317.5210033242672
1700984678,1000,,Aggregated,93.300000,3.800000,1600,3400,8900,12000,18000,20000,23000,26000,28000,29000,29000,3425,82,1600.0,5527.776659067173,57.96874899897375,28901.444510000147,1318.654890510949
1700984679,1000,,Aggregated,93.600000,3.800000,1500,3200,8900,12000,17000,20000,23000,26000,28000,29000,29000,3534,88,1500.0,5373.407674811851,19.632513000033214,28901.444510000147,1317.3588002263723
1700984680,1000,,Aggregated,91.700000,3.100000,1400,3000,8900,12000,17000,20000,23000,26000,28000,29000,29000,3641,88,1400.0,5232.873930716872,19.632513000033214,28901.444510000147,1318.3474320241692
1700984682,1000,,Aggregated,92.700000,3.700000,1300,2900,8900,9000,17000,20000,23000,26000,28000,29000,29000,3766,95,1300.0,5081.698311517831,15.854004999710014,28901.444510000147,1316.9200743494423
1700984683,1000,,Aggregated,91.900000,3.100000,1300,2700,8900,9000,17000,20000,23000,26000,28000,29000,29000,3857,100,1300.0,4979.0736721983785,15.854004999710014,28901.444510000147,1315.97277676951
1700984684,1000,,Aggregated,92.600000,3.800000,1200,2700,8900,9000,17000,20000,23000,26000,28000,29000,29000,3938,100,1200.0,4894.920611471854,15.854004999710014,28901.444510000147,1316.6932453021839
1700984685,1000,,Aggregated,93.900000,4.300000,1200,2600,4800,9000,17000,20000,23000,26000,28000,29000,29000,4039,100,1200.0,4794.179347507845,15.854004999710014,28901.444510000147,1317.5511265164644
1700984686,1000,,Aggregated,91.400000,3.000000,1200,2600,3700,9000,17000,20000,23000,26000,28000,29000,29000,4187,117,1200.0,4648.175535830706,15.854004999710014,28901.444510000147,1313.2481490327202
1700984687,1000,,Aggregated,86.100000,2.400000,1100,2600,3700,9000,17000,20000,23000,26000,28000,29000,29000,4242,117,1100.0,4596.566389855529,15.854004999710014,28901.444510000147,1313.7376237623762
1700984688,1000,,Aggregated,87.400000,3.000000,1100,2400,3700,8900,17000,20000,23000,26000,28000,29000,29000,4374,127,1100.0,4481.666125104513,15.854004999710014,28901.444510000147,1311.773433927755
1700984689,1000,,Aggregated,93.900000,3.500000,1100,2300,3400,8900,17000,20000,23000,26000,28000,29000,29000,4502,136,1100.0,4376.160402094431,15.854004999710014,28901.444510000147,1310.1879164815637
1700984690,1000,,Aggregated,93.000000,4.500000,1100,2200,3400,8900,17000,20000,23000,26000,28000,29000,29000,4589,136,1100.0,4303.481457404692,15.854004999710014,28901.444510000147,1310.961647417738
1700984691,1000,,Aggregated,91.600000,3.900000,1000,2000,3400,8900,17000,20000,23000,26000,28000,29000,29000,4667,141,1000.0,4238.959237606411,15.854004999710014,28901.444510000147,1310.1834154703236
1700984692,1000,,Aggregated,94.000000,4.800000,1000,1900,3200,8900,17000,20000,23000,26000,28000,29000,29000,4765,141,1000.0,4161.525397392888,15.854004999710014,28901.444510000147,1311.0228751311647
1700984693,1000,,Aggregated,94.800000,4.800000,1000,1800,3100,8900,17000,20000,23000,26000,28000,29000,29000,4853,152,1000.0,4094.2927612196795,15.854004999710014,28901.444510000147,1308.685555326602
1700984694,1000,,Aggregated,93.500000,4.600000,990,1800,3000,8900,16000,20000,23000,26000,28000,29000,29000,4952,159,990.0,4023.3535053239357,15.854004999710014,28901.444510000147,1307.6217689822295
1700984695,1000,,Aggregated,93.800000,4.100000,960,1700,2900,4900,15000,20000,23000,26000,28000,29000,29000,5049,159,960.0,3959.3522587344287,15.854004999710014,28901.444510000147,1308.45513963161
1700984696,1000,,Aggregated,95.300000,5.200000,950,1600,2900,3900,15000,20000,23000,26000,28000,29000,29000,5116,162,950.0,3912.8366198635895,15.854004999710014,28901.444510000147,1308.2200938232995
1700984697,1000,,Aggregated,96.800000,5.900000,940,1600,2800,3700,15000,20000,23000,26000,28000,29000,29000,5212,162,930.0,3850.1365793979494,15.854004999710014,28901.444510000147,1309.0080583269378
1700984699,1000,,Aggregated,97.300000,4.700000,920,1500,2700,3700,14000,20000,23000,26000,28000,29000,29000,5321,173,920.0,3780.761869315,15.854004999710014,28901.444510000147,1307.0753617741027
1700984700,1000,,Aggregated,89.200000,4.500000,900,1500,2700,3700,14000,19000,23000,26000,28000,29000,29000,5408,177,900.0,3727.4305337594515,15.854004999710014,28901.444510000147,1306.7827292899408
1700984701,1000,,Aggregated,94.700000,4.600000,890,1500,2600,3700,14000,19000,23000,26000,28000,29000,29000,5509,177,890.0,3669.3757952944493,15.854004999710014,28901.444510000147,1307.5933926302414
1700984702,1000,,Aggregated,90.600000,4.100000,880,1400,2600,3700,14000,19000,23000,26000,28000,29000,29000,5564,177,880.0,3640.1828806096546,15.854004999710014,28901.444510000147,1308.022465851905
1700984703,1000,,Aggregated,91.300000,4.100000,870,1400,2600,3400,14000,18000,23000,26000,28000,29000,29000,5702,187,870.0,3570.5904485964766,15.854004999710014,28901.444510000147,1306.6932655208698
1700984704,1000,,Aggregated,89.500000,3.600000,870,1400,2600,3400,14000,18000,23000,26000,28000,29000,29000,5752,188,870.0,3547.817617540874,15.854004999710014,28901.444510000147,1306.8435326842837
1700984705,1000,,Aggregated,92.600000,4.600000,880,1400,2500,3400,14000,18000,23000,26000,28000,29000,29000,5842,192,880.0,3511.573744931201,15.854004999710014,28901.444510000147,1306.5987675453612
1700984706,1000,,Aggregated,89.200000,3.600000,890,1400,2500,3300,14000,18000,23000,26000,28000,29000,29000,5907,193,890.0,3488.1692585315873,15.854004999710014,28901.444510000147,1306.85864228881
1700984707,1000,,Aggregated,88.300000,3.300000,890,1300,2400,3200,14000,18000,23000,26000,28000,29000,29000,6018,198,890.0,3445.8550601645215,15.854004999710014,28901.444510000147,1306.5503489531407
1700984708,1000,,Aggregated,81.200000,3.400000,900,1300,2400,3000,14000,18000,23000,26000,28000,29000,29000,6139,205,900.0,3398.095135222039,15.854004999710014,28901.444510000147,1305.8859749144813
1700984709,1000,,Aggregated,88.100000,3.600000,890,1300,2300,3000,14000,18000,23000,26000,28000,29000,29000,6227,205,890.0,3362.104126035989,15.854004999710014,28901.444510000147,1306.5235265778063
1700984710,1000,,Aggregated,90.800000,4.300000,890,1300,2300,3000,13000,18000,23000,26000,28000,29000,29000,6297,205,890.0,3333.5292007300477,15.854004999710014,28901.444510000147,1307.0179450532
1700984711,1000,,Aggregated,89.200000,3.200000,880,1300,2100,2900,13000,18000,23000,26000,28000,29000,29000,6415,217,880.0,3289.5899459850552,15.854004999710014,28901.444510000147,1305.299766173032
1700984712,1000,,Aggregated,88.100000,2.800000,870,1300,2000,2800,13000,18000,23000,26000,28000,29000,29000,6507,217,870.0,3252.9783036073645,15.854004999710014,28901.444510000147,1305.9459044106347
1700984713,1000,,Aggregated,89.300000,3.600000,870,1200,2000,2700,13000,18000,23000,26000,28000,29000,29000,6607,224,870.0,3214.4723402418836,15.854004999710014,28901.444510000147,1305.1964583018012
1700984714,1000,,Aggregated,93.900000,4.000000,860,1200,1900,2700,12000,18000,23000,26000,28000,29000,29000,6709,233,860.0,3177.7941269034295,15.854004999710014,28901.444510000147,1304.0804888955136
1700984715,1000,,Aggregated,87.400000,3.700000,860,1200,1900,2700,12000,18000,23000,26000,28000,29000,29000,6800,236,860.0,3145.829734303399,15.854004999710014,28901.444510000147,1304.1123529411764
1700984716,1000,,Aggregated,88.500000,3.600000,850,1200,1800,2600,12000,18000,23000,23000,28000,29000,29000,6889,239,850.0,3115.0479735681665,15.854004999710014,28901.444510000147,1304.12977210045
1700984717,1000,,Aggregated,93.000000,4.400000,850,1200,1800,2600,12000,18000,23000,23000,28000,29000,29000,6981,239,850.0,3085.3879186387494,15.854004999710014,28901.444510000147,1304.747457384329
1700984718,1000,,Aggregated,97.000000,4.300000,840,1200,1800,2600,12000,17000,23000,23000,28000,29000,29000,7104,242,840.0,3043.332983134728,15.854004999710014,28901.444510000147,1304.977759009009
1700984719,1000,,Aggregated,91.500000,4.100000,840,1200,1700,2600,12000,17000,23000,23000,28000,29000,29000,7220,248,840.0,3002.8319990354726,15.854004999710014,28901.444510000147,1304.594459833795
1700984721,1000,,Aggregated,89.800000,3.700000,840,1200,1700,2600,12000,17000,23000,23000,28000,29000,29000,7290,248,840.0,2981.295958093019,15.854004999710014,28901.444510000147,1305.0400548696846
1700984722,1000,,Aggregated,93.100000,4.300000,840,1200,1600,2500,9200,17000,23000,23000,28000,29000,29000,7371,252,840.0,2960.130598004221,15.854004999710014,28901.444510000147,1304.8119658119658
1700984723,1000,,Aggregated,87.400000,3.500000,830,1200,1600,2500,9000,17000,23000,23000,28000,29000,29000,7500,258,830.0,2923.218481662948,15.854004999710014,28901.444510000147,1304.5256
1700984724,1000,,Aggregated,85.200000,3.500000,830,1200,1600,2400,9000,17000,23000,23000,28000,29000,29000,7546,258,830.0,2910.6725018542425,15.854004999710014,28901.444510000147,1304.808905380334
1700984725,1000,,Aggregated,89.400000,3.400000,830,1200,1600,2400,9000,17000,23000,23000,28000,29000,29000,7636,258,830.0,2887.654874315889,15.854004999710014,28901.444510000147,1305.3533263488737
1700984726,1000,,Aggregated,90.100000,3.400000,830,1200,1600,2300,9000,17000,23000,23000,28000,29000,29000,7817,271,830.0,2837.7934917643756,15.854004999710014,28901.444510000147,1304.163489829858
1700984727,1000,,Aggregated,83.900000,2.200000,830,1200,1600,2300,9000,17000,23000,23000,28000,29000,29000,7891,271,830.0,2818.799175193656,15.854004999710014,28901.444510000147,1304.602711950323
1700984728,1000,,Aggregated,91.900000,3.400000,830,1100,1600,2200,9000,17000,23000,23000,28000,29000,29000,7974,275,830.0,2797.6039091601624,15.854004999710014,28901.444510000147,1304.4079508402308
1700984729,1000,,Aggregated,94.100000,3.200000,830,1100,1500,2000,9000,17000,23000,23000,27000,29000,29000,8133,288,830.0,2757.447350414374,4.977083999619936,28901.444510000147,1303.1593507930652
1700984731,1000,,Aggregated,91.500000,4.600000,820,1100,1500,2000,9000,17000,21000,23000,27000,29000,29000,8243,298,820.0,2728.6354306826524,4.977083999619936,28901.444510000147,1302.1588014072547
1700984732,1000,,Aggregated,91.300000,4.000000,820,1100,1500,2000,9000,17000,20000,23000,27000,29000,29000,8347,298,820.0,2702.296891157317,4.977083999619936,28901.444510000147,1302.767341559842
1700984733,1000,,Aggregated,96.900000,5.000000,810,1100,1500,1900,9000,17000,20000,23000,27000,29000,29000,8443,304,810.0,2677.0258306643514,4.977083999619936,28901.444510000147,1302.3556792609263
1700984734,1000,,Aggregated,97.900000,4.600000,810,1100,1500,1900,8900,17000,20000,23000,27000,29000,29000,8554,309,810.0,2649.640154452202,4.977083999619936,28901.444510000147,1302.1972176759411
1700984735,1000,,Aggregated,95.900000,4.600000,800,1100,1400,1900,8900,17000,20000,23000,27000,29000,29000,8638,309,800.0,2628.2819603637568,4.977083999619936,28901.444510000147,1302.6717990275527
1700984736,1000,,Aggregated,97.700000,4.600000,800,1100,1400,1800,8900,17000,20000,23000,27000,29000,29000,8725,311,800.0,2606.1040382662595,4.977083999619936,28901.444510000147,1302.8440114613181
1700984737,1000,,Aggregated,99.800000,5.100000,790,1100,1400,1800,8900,17000,20000,23000,27000,29000,29000,8828,314,790.0,2581.796783209009,4.977083999619936,28901.444510000147,1302.9467603081105
1700984738,1000,,Aggregated,95.000000,4.100000,790,1100,1400,1800,8900,17000,20000,23000,27000,29000,29000,8886,314,790.0,2569.2278841195293,4.977083999619936,28901.444510000147,1303.2604096331308
1700984739,1000,,Aggregated,94.000000,4.000000,780,1100,1400,1800,8900,17000,20000,23000,27000,29000,29000,9023,326,780.0,2541.505923481893,4.977083999619936,28901.444510000147,1302.188518231187
1700984740,1000,,Aggregated,91.600000,3.900000,770,1100,1300,1700,8900,17000,20000,23000,27000,29000,29000,9123,326,770.0,2518.9796316039824,4.977083999619936,28901.444510000147,1302.7235558478571
1700984742,1000,,Aggregated,94.100000,3.800000,770,1000,1300,1700,8900,17000,20000,23000,27000,29000,29000,9222,326,770.0,2499.529118419121,4.977083999619936,28901.444510000147,1303.2418130557362
1700984743,1000,,Aggregated,89.800000,2.800000,780,1000,1300,1700,8900,17000,20000,23000,27000,29000,29000,9320,326,770.0,2482.396807252267,4.977083999619936,28901.444510000147,1303.743991416309
1700984744,1000,,Aggregated,87.300000,2.800000,780,1100,1300,1700,8900,17000,20000,23000,27000,29000,29000,9396,326,780.0,2473.3927164155098,4.977083999619936,28901.444510000147,1304.1262239250746
1700984745,1000,,Aggregated,87.300000,2.200000,780,1100,1300,1700,8900,17000,20000,23000,27000,29000,29000,9527,326,780.0,2455.7384412908737,4.977083999619936,28901.444510000147,1304.7707567964733
1700984747,1000,,Aggregated,90.100000,1.700000,790,1100,1300,1600,8900,17000,20000,23000,27000,29000,29000,9650,326,790.0,2437.0356966501704,4.977083999619936,28901.444510000147,1305.36
1700984748,1000,,Aggregated,86.800000,1.500000,790,1100,1300,1700,8900,17000,20000,23000,27000,29000,29000,9788,341,790.0,2420.250726259413,4.977083999619936,28901.444510000147,1303.9330813240704
1700984749,1000,,Aggregated,82.800000,1.500000,800,1100,1400,1700,8900,16000,20000,23000,27000,29000,29000,9900,359,800.0,2407.6983766947606,4.977083999619936,28901.444510000147,1302.0091919191918
1700984750,1000,,Aggregated,88.900000,2.700000,800,1100,1400,1700,6800,15000,20000,23000,27000,29000,29000,10036,368,800.0,2388.098734429664,4.977083999619936,28901.444510000147,1301.4615384615386
1700984752,1000,,Aggregated,84.400000,1.500000,790,1100,1300,1600,6200,15000,20000,23000,27000,29000,29000,10151,373,790.0,2368.0118331858066,4.977083999619936,28901.444510000147,1301.3573046990443
1700984753,1000,,Aggregated,82.600000,3.300000,780,1100,1300,1600,5600,15000,20000,23000,27000,29000,29000,10266,373,780.0,2346.4591773476636,4.977083999619936,28901.444510000147,1301.9134034677577
1700984754,1000,,Aggregated,91.600000,4.200000,770,1100,1300,1600,4700,15000,20000,23000,27000,29000,29000,10350,373,770.0,2329.8379566988524,4.977083999619936,28901.444510000147,1302.3117874396135
1700984755,1000,,Aggregated,94.600000,4.700000,770,1100,1300,1600,4200,15000,20000,23000,27000,29000,29000,10420,375,770.0,2316.8449581901264,4.977083999619936,28901.444510000147,1302.3795585412668
1700984756,1000,,Aggregated,97.500000,4.700000,760,1100,1300,1600,3700,15000,20000,23000,27000,29000,29000,10502,375,760.0,2301.2595215173415,4.977083999619936,28901.444510000147,1302.759188725957
1700984757,1000,,Aggregated,91.700000,4.900000,760,1000,1300,1600,3700,15000,20000,23000,27000,29000,29000,10617,380,760.0,2280.454952126319,4.977083999619936,28901.444510000147,1302.6454742394274
1700984758,1000,,Aggregated,93.400000,4.900000,760,1000,1300,1600,3700,14000,20000,23000,27000,29000,29000,10685,383,760.0,2269.7384484309905,4.977083999619936,28901.444510000147,1302.5738886289191
1700984759,1000,,Aggregated,97.900000,5.400000,750,1000,1300,1600,3700,14000,20000,23000,27000,29000,29000,10811,389,750.0,2249.301150747862,4.977083999619936,28901.444510000147,1302.3884932013689
1700984760,1000,,Aggregated,93.800000,4.200000,750,1000,1300,1600,3700,14000,20000,23000,27000,29000,29000,10918,389,750.0,2233.8879327721293,4.977083999619936,28901.444510000147,1302.8649019967027
1700984761,1000,,Aggregated,101.100000,4.800000,750,1000,1300,1600,3700,14000,20000,23000,27000,29000,29000,11025,393,750.0,2219.4381932544297,4.977083999619936,28901.444510000147,1302.8419047619047
1700984762,1000,,Aggregated,96.800000,3.000000,750,1000,1300,1600,3700,14000,20000,23000,27000,29000,29000,11126,393,750.0,2206.4946023199795,4.977083999619936,28901.444510000147,1303.279076038109
1700984763,1000,,Aggregated,90.400000,2.100000,750,1000,1300,1600,3700,14000,20000,23000,27000,29000,29000,11147,393,750.0,2204.8245147914317,4.977083999619936,28901.444510000147,1303.3689782004126
1700984764,1000,,Aggregated,88.000000,2.000000,750,1000,1300,1600,3700,14000,20000,23000,27000,29000,29000,11241,400,750.0,2194.6130906457693,4.977083999619936,28901.444510000147,1302.9259852326306
1700984765,1000,,Aggregated,86.000000,2.000000,760,1000,1300,1500,3700,14000,20000,23000,27000,29000,29000,11385,401,760.0,2180.9301721035645,4.977083999619936,28901.444510000147,1303.4153711023275
1700984767,1000,,Aggregated,92.700000,2.600000,760,1000,1300,1500,3400,14000,20000,23000,27000,29000,29000,11492,401,760.0,2169.791446982432,4.977083999619936,28901.444510000147,1303.8584232509572
1700984768,1000,,Aggregated,88.600000,2.600000,760,1000,1300,1500,3400,14000,20000,23000,27000,29000,29000,11597,401,760.0,2160.0546259290422,4.977083999619936,28901.444510000147,1304.2852461843581
1700984769,1000,,Aggregated,88.100000,2.100000,760,1100,1300,1500,3400,14000,20000,23000,27000,29000,29000,11694,401,760.0,2150.450930008987,4.977083999619936,28901.444510000147,1304.6727381563194
1700984770,1000,,Aggregated,87.500000,1.800000,760,1100,1300,1500,3400,14000,20000,23000,27000,29000,29000,11771,401,760.0,2142.2570262390705,4.977083999619936,28901.444510000147,1304.975787953445
1700984771,1000,,Aggregated,88.700000,1.200000,760,1100,1300,1500,3400,14000,20000,23000,27000,29000,29000,11900,403,760.0,2130.4878792605123,4.977083999619936,28901.444510000147,1305.2476470588235
1700984773,1000,,Aggregated,84.200000,1.200000,760,1100,1300,1500,3300,14000,20000,23000,27000,29000,29000,12001,404,760.0,2122.5569358407697,4.977083999619936,28901.444510000147,1305.5201233230564
1700984774,1000,,Aggregated,86.900000,1.000000,760,1100,1300,1500,3300,14000,20000,23000,27000,29000,29000,12114,418,760.0,2114.109702881959,4.977083999619936,28901.444510000147,1304.3830279016015
1700984775,1000,,Aggregated,84.500000,1.000000,770,1100,1300,1500,3200,14000,20000,23000,27000,29000,29000,12274,419,770.0,2104.960156192037,4.977083999619936,28901.444510000147,1304.8806420074955
1700984777,1000,,Aggregated,82.000000,1.700000,770,1100,1300,1500,3200,14000,20000,23000,27000,29000,29000,12358,419,770.0,2099.283843457846,4.977083999619936,28901.444510000147,1305.1941252629874
1700984778,1000,,Aggregated,82.000000,1.700000,780,1100,1300,1500,3200,14000,20000,23000,27000,29000,29000,12438,419,780.0,2093.6497373933944,4.977083999619936,28901.444510000147,1305.4887441710887
1700984779,1000,,Aggregated,87.400000,1.800000,780,1100,1300,1500,3100,14000,20000,23000,27000,29000,29000,12528,419,780.0,2086.1055973160956,4.977083999619936,28901.444510000147,1305.8156928480205
1700984780,1000,,Aggregated,87.900000,1.800000,780,1100,1300,1500,3100,13000,20000,23000,27000,29000,29000,12631,419,780.0,2079.123694443992,4.977083999619936,28901.444510000147,1306.18415010688
1700984782,1000,,Aggregated,81.000000,1.800000,790,1100,1300,1500,3000,13000,20000,23000,27000,29000,34000,12717,419,790.0,2079.1483528218173,4.977083999619936,33602.786187000675,1306.4872218290477
1700984783,1000,,Aggregated,88.000000,1.800000,790,1100,1300,1600,3000,13000,20000,23000,27000,29000,34000,12902,435,790.0,2066.9057537202807,4.977083999619936,33602.786187000675,1305.4500852580995
1700984784,1000,,Aggregated,77.800000,1.600000,800,1100,1300,1600,3000,13000,20000,23000,27000,29000,34000,13034,453,790.0,2056.507289472921,4.977083999619936,33602.786187000675,1304.0456498388828
1700984785,1000,,Aggregated,89.600000,3.200000,790,1100,1300,1600,3000,13000,20000,23000,27000,29000,34000,13168,456,790.0,2044.8567530536964,4.977083999619936,33602.786187000675,1304.2156743620899
1700984786,1000,,Aggregated,93.100000,3.500000,790,1100,1300,1500,3000,13000,20000,23000,27000,29000,34000,13284,456,790.0,2032.102866202729,4.977083999619936,33602.786187000675,1304.6242095754292
1700984787,1000,,Aggregated,93.500000,3.500000,780,1100,1300,1500,2900,13000,20000,23000,27000,29000,34000,13367,458,780.0,2021.7398270790043,4.977083999619936,33602.786187000675,1304.7100321687738
1700984788,1000,,Aggregated,91.000000,3.700000,780,1100,1300,1500,2900,12000,20000,23000,27000,29000,34000,13460,462,780.0,2010.892338655131,4.977083999619936,33602.786187000675,1304.6283803863298
1700984790,1000,,Aggregated,94.400000,3.900000,780,1100,1300,1500,2900,12000,19000,23000,27000,29000,34000,13545,462,780.0,2003.4108577906266,4.977083999619936,33602.786187000675,1304.9193798449612
1700984791,1000,,Aggregated,96.400000,4.300000,770,1100,1300,1500,2900,12000,19000,23000,27000,29000,34000,13642,469,770.0,1994.3803241087846,4.977083999619936,33602.786187000675,1304.5538044275033
1700984792,1000,,Aggregated,95.900000,4.300000,770,1100,1300,1500,2900,12000,19000,23000,27000,29000,34000,13746,471,770.0,1984.1973322092997,4.977083999619936,33602.786187000675,1304.7086425141858
1700984793,1000,,Aggregated,94.500000,5.000000,760,1100,1300,1500,2900,12000,19000,23000,27000,29000,34000,13876,478,760.0,1971.2424983448423,4.977083999619936,33602.786187000675,1304.4607956183338
1700984794,1000,,Aggregated,104.300000,5.200000,760,1100,1300,1500,2800,12000,19000,23000,27000,29000,34000,13984,478,760.0,1962.0934514272049,4.977083999619936,33602.786187000675,1304.8202231121281
1700984795,1000,,Aggregated,93.600000,3.600000,760,1100,1300,1500,2800,12000,19000,23000,26000,29000,34000,14089,484,760.0,1952.6208124375783,4.977083999619936,33602.786187000675,1304.5890410958905
1700984796,1000,,Aggregated,90.400000,2.500000,760,1100,1300,1500,2800,12000,18000,23000,26000,29000,34000,14177,491,760.0,1943.3781920974145,4.977083999619936,33602.786187000675,1304.2100585455314
1700984797,1000,,Aggregated,90.600000,3.100000,750,1000,1300,1500,2700,12000,18000,23000,26000,29000,34000,14258,491,750.0,1935.2920920710503,4.977083999619936,33602.786187000675,1304.4758731939964
1700984799,1000,,Aggregated,91.200000,2.800000,750,1000,1300,1500,2700,12000,18000,23000,26000,29000,34000,14334,496,750.0,1929.5384609196342,4.977083999619936,33602.786187000675,1304.2512906376448
1700984800,1000,,Aggregated,87.600000,3.300000,760,1000,1300,1500,2700,12000,18000,23000,26000,29000,34000,14445,496,760.0,1921.6109722576007,4.977083999619936,33602.786187000675,1304.610522672205
1700984801,1000,,Aggregated,86.600000,3.400000,750,1000,1300,1500,2700,12000,18000,23000,26000,29000,34000,14603,501,750.0,1905.9291006895864,4.977083999619936,33602.786187000675,1304.6498664657947
1700984802,1000,,Aggregated,88.600000,3.400000,750,1000,1200,1500,2700,11000,18000,23000,26000,29000,34000,14685,501,750.0,1896.6510914081055,4.977083999619936,33602.786187000675,1304.908682328907
1700984803,1000,,Aggregated,97.800000,3.200000,740,1000,1200,1500,2700,9200,18000,23000,26000,29000,34000,14794,501,740.0,1884.9180428986097,4.977083999619936,33602.786187000675,1305.2482763282412
1700984804,1000,,Aggregated,95.400000,3.000000,730,1000,1200,1400,2600,9200,18000,23000,26000,29000,34000,14886,501,730.0,1874.4296370668433,4.977083999619936,33602.786187000675,1305.531035872632
1700984805,1000,,Aggregated,98.500000,3.000000,730,1000,1200,1400,2600,9000,18000,23000,26000,29000,34000,14975,501,730.0,1864.3291282605028,4.977083999619936,33602.786187000675,1305.8012687813023
1700984806,1000,,Aggregated,97.200000,2.300000,730,1000,1200,1400,2600,9000,18000,23000,26000,29000,34000,15052,501,730.0,1855.7031201994444,4.977083999619936,33602.786187000675,1306.0324873770928
1700984807,1000,,Aggregated,96.200000,1.700000,720,1000,1200,1400,2600,9000,18000,23000,26000,29000,34000,15151,501,720.0,1844.9233899172355,4.977083999619936,33602.786187000675,1306.3263150947132
1700984808,1000,,Aggregated,94.200000,1.700000,720,1000,1200,1400,2600,9000,18000,23000,26000,29000,34000,15253,501,720.0,1833.702441846655,4.977083999619936,33602.786187000675,1306.6250573657642
1700984809,1000,,Aggregated,93.400000,1.000000,710,1000,1200,1400,2600,9000,18000,23000,26000,29000,34000,15359,501,710.0,1822.1914549658204,4.977083999619936,33602.786187000675,1306.9313106322027
1700984810,1000,,Aggregated,98.500000,1.000000,710,1000,1200,1400,2600,9000,18000,23000,26000,29000,34000,15458,501,710.0,1811.5897117371608,4.977083999619936,33602.786187000675,1307.2135463837494
1700984811,1000,,Aggregated,101.300000,0.500000,700,1000,1200,1400,2600,9000,18000,23000,26000,29000,34000,15536,501,700.0,1803.3441428387632,4.977083999619936,33602.786187000675,1307.4333805355304
1700984812,1000,,Aggregated,103.600000,0.500000,700,990,1200,1400,2600,9000,18000,23000,26000,29000,34000,15624,501,700.0,1794.131949731376,4.977083999619936,33602.786187000675,1307.6787634408602
1700984813,1000,,Aggregated,92.600000,0.000000,700,990,1200,1400,2600,9000,18000,23000,26000,29000,34000,15710,501,700.0,1785.2243864875893,4.977083999619936,33602.786187000675,1307.9159134309357
1700984814,1000,,Aggregated,94.300000,0.000000,690,980,1200,1400,2600,9000,18000,23000,26000,29000,34000,15818,501,690.0,1774.177004232524,4.977083999619936,33602.786187000675,1308.2100771273233
1700984815,1000,,Aggregated,91.500000,0.000000,690,980,1200,1400,2600,9000,18000,23000,26000,29000,34000,15901,501,690.0,1765.7865348125313,4.977083999619936,33602.786187000675,1308.4334318596316
1700984816,1000,,Aggregated,93.600000,0.000000,680,970,1200,1400,2500,9000,18000,23000,26000,29000,34000,16000,504,680.0,1755.8931193283793,4.977083999619936,33602.786187000675,1308.4435
1700984817,1000,,Aggregated,92.400000,0.000000,680,970,1200,1400,2500,9000,18000,23000,26000,29000,34000,16067,504,680.0,1749.4427581320126,4.977083999619936,33602.786187000675,1308.620962220701
1700984818,1000,,Aggregated,94.200000,0.000000,680,970,1200,1400,2500,9000,18000,23000,26000,29000,34000,16153,504,680.0,1741.2560990897077,4.977083999619936,33602.786187000675,1308.846591964341
1700984819,1000,,Aggregated,91.900000,0.300000,670,960,1200,1400,2500,9000,18000,23000,26000,29000,34000,16242,504,670.0,1732.7982065719166,4.977083999619936,33602.786187000675,1309.0775766531215
1700984820,1000,,Aggregated,89.800000,0.300000,670,960,1200,1400,2500,9000,18000,23000,26000,29000,34000,16340,504,670.0,1723.4080892825004,4.977083999619936,33602.786187000675,1309.3290085679314
1700984821,1000,,Aggregated,88.500000,0.300000,660,960,1200,1400,2500,9000,18000,23000,26000,29000,34000,16433,504,660.0,1714.603959883105,4.977083999619936,33602.786187000675,1309.5648390433882
1700984822,1000,,Aggregated,87.800000,0.300000,660,950,1200,1300,2400,9000,18000,21000,26000,29000,34000,16516,504,660.0,1706.823190115347,4.977083999619936,33602.786187000675,1309.773068539598
1700984823,1000,,Aggregated,89.800000,0.300000,650,950,1200,1300,2400,9000,18000,20000,26000,29000,34000,16626,504,650.0,1696.6425108473518,4.977083999619936,33602.786187000675,1310.0458318296644
1700984824,1000,,Aggregated,89.100000,0.300000,640,940,1200,1300,2400,9000,18000,20000,26000,29000,34000,16719,504,640.0,1688.1336042554017,4.977083999619936,33602.786187000675,1310.2736407679886
1700984825,1000,,Aggregated,90.800000,0.300000,640,940,1200,1300,2400,9000,18000,20000,26000,29000,34000,16821,504,640.0,1678.9082010966679,4.977083999619936,33602.786187000675,1310.5205992509364
1700984826,1000,,Aggregated,89.500000,0.300000,630,930,1200,1300,2400,9000,18000,20000,26000,29000,34000,16907,504,630.0,1672.1585532568195,4.977083999619936,33602.786187000675,1310.7265038149878
1700984827,1000,,Aggregated,91.300000,0.300000,630,930,1200,1300,2400,9000,18000,20000,26000,29000,34000,16998,504,630.0,1664.1078097819186,4.977083999619936,33602.786187000675,1310.942110836569
1700984828,1000,,Aggregated,90.500000,0.300000,630,920,1200,1300,2400,8900,18000,20000,26000,29000,34000,17093,504,630.0,1655.8717072898883,4.977083999619936,33602.786187000675,1311.1647458023751
1700984829,1000,,Aggregated,92.900000,0.000000,620,920,1100,1300,2400,8900,18000,20000,26000,29000,34000,17177,504,620.0,1648.5915169781124,4.977083999619936,33602.786187000675,1311.3595505617977
1700984830,1000,,Aggregated,94.200000,0.000000,620,920,1100,1300,2400,8900,18000,20000,26000,29000,34000,17248,504,620.0,1642.4974390000016,4.977083999619936,33602.786187000675,1311.5227272727273
1700984831,1000,,Aggregated,93.700000,0.000000,610,910,1100,1300,2400,8900,18000,20000,26000,29000,34000,17343,504,610.0,1634.421553323359,4.977083999619936,33602.786187000675,1311.7389724961079
1700984832,1000,,Aggregated,90.500000,0.000000,610,900,1100,1300,2300,8900,18000,20000,26000,29000,34000,17440,504,610.0,1626.2615354744275,4.977083999619936,33602.786187000675,1311.9573394495412
1700984833,1000,,Aggregated,90.800000,0.000000,610,900,1100,1300,2300,8900,18000,20000,26000,29000,34000,17535,504,610.0,1618.3560288989468,4.977083999619936,33602.786187000675,1312.168862275449
1700984834,1000,,Aggregated,92.200000,0.000000,600,890,1100,1300,2300,8900,17000,20000,26000,29000,34000,17628,504,600.0,1610.8033159613708,4.977083999619936,33602.786187000675,1312.3737236215113
1700984835,1000,,Aggregated,90.600000,0.000000,600,890,1100,1300,2300,8900,17000,20000,26000,29000,34000,17721,504,600.0,1603.753340833704,4.977083999619936,33602.786187000675,1312.5764347384459
1700984836,1000,,Aggregated,90.800000,0.000000,590,890,1100,1300,2300,8900,17000,20000,26000,29000,34000,17807,504,590.0,1597.307255986134,4.977083999619936,33602.786187000675,1312.7620037064075
1700984837,1000,,Aggregated,90.600000,0.000000,590,880,1100,1300,2300,8900,17000,20000,26000,29000,34000,17907,504,590.0,1589.6297941252628,4.977083999619936,33602.786187000675,1312.9755402915061
1700984838,1000,,Aggregated,90.300000,0.000000,590,880,1100,1300,2200,8900,17000,20000,26000,29000,34000,17991,504,590.0,1583.1991176618908,4.977083999619936,33602.786187000675,1313.153076538269
1700984839,1000,,Aggregated,91.300000,0.000000,580,870,1100,1300,2200,8900,17000,20000,26000,29000,34000,18078,504,580.0,1576.6058799363366,4.977083999619936,33602.786187000675,1313.3352140723532
1700984840,1000,,Aggregated,90.000000,0.000000,580,870,1100,1300,2200,8900,17000,20000,26000,29000,34000,18169,504,580.0,1569.9132918774878,4.977083999619936,33602.786187000675,1313.5238593208212
1700984841,1000,,Aggregated,90.100000,0.000000,580,870,1100,1300,2200,8900,17000,20000,26000,29000,34000,18283,504,580.0,1561.402627449382,4.977083999619936,33602.786187000675,1313.7575343215008
1700984842,1000,,Aggregated,91.600000,0.000000,570,860,1100,1300,2200,8900,17000,20000,26000,29000,34000,18375,504,570.0,1554.634779333663,4.977083999619936,33602.786187000675,1313.944
1700984843,1000,,Aggregated,92.700000,0.000000,570,860,1100,1200,2200,8900,17000,20000,26000,29000,34000,18467,504,570.0,1547.882164867063,4.977083999619936,33602.786187000675,1314.128607786863
1700984844,1000,,Aggregated,93.000000,0.000000,570,850,1100,1200,2100,8900,17000,20000,26000,29000,34000,18551,504,570.0,1541.6359990616152,4.977083999619936,33602.786187000675,1314.295563581478
1700984845,1000,,Aggregated,93.900000,0.000000,560,850,1100,1200,2100,8900,17000,20000,26000,29000,34000,18645,504,560.0,1534.7034977972664,4.977083999619936,33602.786187000675,1314.4806114239743
1700984846,1000,,Aggregated,92.400000,0.000000,560,850,1100,1200,2100,8900,17000,20000,26000,29000,34000,18734,504,560.0,1528.2081477719678,4.977083999619936,33602.786187000675,1314.6541048361269
1700984847,1000,,Aggregated,92.100000,0.000000,560,850,1100,1200,2100,8900,17000,20000,26000,34000,65000,18812,504,560.0,1526.0948190943036,4.977083999619936,65010.69696899867,1314.804805443334
1700984848,1000,,Aggregated,92.100000,0.000000,560,840,1100,1200,2100,8900,17000,20000,26000,34000,65000,18906,504,560.0,1519.3375189238354,4.977083999619936,65010.69696899867,1314.9847667407173
1700984849,1000,,Aggregated,89.700000,0.000000,550,840,1100,1200,2000,8900,17000,20000,26000,34000,65000,19002,504,550.0,1512.5065850711526,4.977083999619936,65010.69696899867,1315.166719292706
1700984850,1000,,Aggregated,90.900000,0.000000,550,840,1100,1200,2000,8900,17000,20000,26000,34000,65000,19091,504,550.0,1506.2355955101377,4.977083999619936,65010.69696899867,1315.3337698391913
1700984851,1000,,Aggregated,92.100000,0.000000,540,840,1100,1200,2000,8900,17000,20000,26000,34000,65000,19168,504,540.0,1500.858432250002,4.977083999619936,65010.69696899867,1315.4770450751253
1700984852,1000,,Aggregated,91.900000,0.000000,530,840,1100,1200,2000,8900,17000,20000,26000,34000,65000,19263,504,530.0,1494.2920032441484,4.977083999619936,65010.69696899867,1315.652234854384
1700984853,1000,,Aggregated,89.700000,0.000000,530,830,1100,1200,2000,8900,17000,20000,26000,34000,65000,19349,504,530.0,1488.3958954532036,4.977083999619936,65010.69696899867,1315.8093441521526
1700984854,1000,,Aggregated,88.300000,0.000000,520,830,1100,1200,2000,8900,17000,20000,26000,34000,65000,19447,504,520.0,1481.7407145166883,4.977083999619936,65010.69696899867,1315.9866817503985
1700984855,1000,,Aggregated,88.000000,0.000000,520,830,1100,1200,2000,8900,17000,20000,26000,34000,65000,19538,504,520.0,1475.6384329337718,4.977083999619936,65010.69696899867,1316.1497594431364
1700984856,1000,,Aggregated,88.800000,0.000000,520,830,1100,1200,2000,8900,17000,20000,26000,34000,65000,19622,504,520.0,1470.0355447514546,4.977083999619936,65010.69696899867,1316.298950157986
1700984857,1000,,Aggregated,88.600000,0.000000,510,820,1000,1200,2000,8900,17000,20000,26000,34000,65000,19725,504,510.0,1463.2340246831966,4.977083999619936,65010.69696899867,1316.4801520912547
1700984858,1000,,Aggregated,88.900000,0.000000,510,820,1000,1200,1900,8900,17000,20000,26000,34000,65000,19810,504,510.0,1457.6843670848077,4.977083999619936,65010.69696899867,1316.6282685512367
1700984859,1000,,Aggregated,91.100000,0.000000,500,810,1000,1200,1900,8900,17000,20000,26000,34000,65000,19907,504,500.0,1451.4053271431678,4.977083999619936,65010.69696899867,1316.7957502386096
1700984860,1000,,Aggregated,90.400000,0.000000,500,810,1000,1200,1900,8300,17000,20000,26000,34000,65000,19997,504,500.0,1445.6327310188042,4.977083999619936,65010.69696899867,1316.949692453868
1700984861,1000,,Aggregated,90.500000,0.000000,500,810,1000,1200,1900,7200,17000,20000,26000,29000,65000,20080,504,500.0,1440.3596242896922,4.977083999619936,65010.69696899867,1317.090438247012
1700984862,1000,,Aggregated,91.200000,0.000000,490,800,1000,1200,1900,6900,17000,20000,26000,29000,65000,20188,504,490.0,1433.5511906805534,4.977083999619936,65010.69696899867,1317.2718446601941
1700984863,1000,,Aggregated,90.400000,0.000000,490,800,1000,1200,1900,6600,17000,20000,26000,29000,65000,20286,504,490.0,1427.4358149162983,4.977083999619936,65010.69696899867,1317.4347826086957
1700984864,1000,,Aggregated,92.100000,0.000000,490,790,1000,1200,1900,6600,17000,20000,26000,29000,65000,20368,504,490.0,1422.3726222406237,4.977083999619936,65010.69696899867,1317.569913589945
1700984865,1000,,Aggregated,93.200000,0.000000,480,790,1000,1200,1900,6400,17000,20000,26000,29000,65000,20460,504,480.0,1416.731776445504,4.977083999619936,65010.69696899867,1317.7202346041056
1700984866,1000,,Aggregated,91.800000,0.000000,480,790,1000,1200,1900,6200,17000,20000,26000,29000,65000,20549,504,480.0,1411.318736184098,4.977083999619936,65010.69696899867,1317.8643729621879
1700984867,1000,,Aggregated,92.200000,0.000000,470,780,1000,1200,1900,6200,17000,20000,26000,29000,65000,20642,504,470.0,1405.709575230938,4.977083999619936,65010.69696899867,1318.013661466912
1700984868,1000,,Aggregated,92.200000,0.000000,470,780,1000,1200,1900,6100,17000,20000,26000,29000,65000,20741,504,470.0,1399.7953453546615,4.977083999619936,65010.69696899867,1318.1711103611206
1700984869,1000,,Aggregated,91.800000,0.000000,460,780,1000,1200,1900,6000,17000,20000,26000,29000,65000,20837,504,460.0,1394.1158885261332,4.977083999619936,65010.69696899867,1318.3223592647694
1700984870,1000,,Aggregated,92.800000,0.000000,460,770,1000,1200,1900,5900,17000,20000,26000,29000,65000,20928,504,460.0,1388.7856498984631,4.977083999619936,65010.69696899867,1318.4644495412845
1700984871,1000,,Aggregated,92.300000,0.000000,450,770,1000,1200,1900,5700,17000,20000,26000,29000,65000,21020,504,450.0,1383.4410666191256,4.977083999619936,65010.69696899867,1318.6068506184586
1700984872,1000,,Aggregated,92.300000,0.000000,450,770,1000,1200,1800,4800,17000,20000,26000,29000,65000,21102,504,450.0,1378.7150464030433,4.977083999619936,65010.69696899867,1318.7327267557578
1700984873,1000,,Aggregated,94.100000,0.000000,450,760,1000,1200,1800,4700,17000,20000,26000,29000,65000,21188,504,450.0,1373.8006809564847,4.977083999619936,65010.69696899867,1318.8636964319426
1700984874,1000,,Aggregated,92.200000,0.000000,440,760,990,1200,1800,4400,17000,20000,26000,29000,65000,21267,504,440.0,1369.3176833071416,4.977083999619936,65010.69696899867,1318.9830723656369
1700984875,1000,,Aggregated,89.800000,0.000000,440,760,990,1200,1800,4000,17000,20000,26000,29000,65000,21363,504,440.0,1363.9145223467208,4.977083999619936,65010.69696899867,1319.1269484622946
1700984876,1000,,Aggregated,90.500000,0.000000,440,750,990,1100,1800,3900,17000,20000,26000,29000,65000,21459,504,440.0,1358.5863216958385,4.977083999619936,65010.69696899867,1319.269537257095
1700984877,1000,,Aggregated,89.300000,0.000000,430,750,980,1100,1800,3700,17000,20000,26000,29000,65000,21551,504,430.0,1353.5006975525962,4.977083999619936,65010.69696899867,1319.4049928077584
1700984878,1000,,Aggregated,90.800000,0.000000,430,750,980,1100,1800,3700,17000,20000,26000,29000,65000,21635,504,430.0,1348.9914215634856,4.977083999619936,65010.69696899867,1319.5276635082043
1700984879,1000,,Aggregated,90.700000,0.000000,430,740,980,1100,1800,3700,17000,20000,26000,29000,65000,21734,504,430.0,1343.6219902474927,4.977083999619936,65010.69696899867,1319.6710223612772
1700984880,1000,,Aggregated,89.500000,0.000000,420,740,970,1100,1800,3700,17000,20000,26000,29000,65000,21822,504,420.0,1338.8822342585931,4.977083999619936,65010.69696899867,1319.7973604619192
1700984881,1000,,Aggregated,89.500000,0.000000,420,730,970,1100,1800,3700,17000,20000,26000,29000,65000,21929,504,420.0,1333.1642928704468,4.977083999619936,65010.69696899867,1319.94961010534
1700984882,1000,,Aggregated,89.600000,0.000000,410,730,970,1100,1800,3700,17000,20000,26000,29000,65000,22032,504,410.0,1327.7126194161688,4.977083999619936,65010.69696899867,1320.0947712418301
1700984883,1000,,Aggregated,90.800000,0.000000,410,730,960,1100,1800,3700,17000,20000,26000,29000,65000,22136,504,410.0,1322.2583044888431,4.977083999619936,65010.69696899867,1320.2399710878208
1700984884,1000,,Aggregated,92.600000,0.000000,410,720,960,1100,1800,3700,17000,20000,26000,29000,65000,22224,504,410.0,1317.6857992536466,4.977083999619936,65010.69696899867,1320.3617710583153
1700984885,1000,,Aggregated,94.100000,0.000000,400,720,960,1100,1800,3700,17000,20000,26000,29000,65000,22300,504,400.0,1313.7661920162802,4.977083999619936,65010.69696899867,1320.466188340807
1700984886,1000,,Aggregated,95.400000,0.000000,400,720,960,1100,1800,3700,17000,20000,26000,29000,65000,22372,504,400.0,1310.0802998582624,4.977083999619936,65010.69696899867,1320.5644555694619
1700984887,1000,,Aggregated,94.700000,0.000000,400,720,960,1100,1800,3700,17000,20000,26000,29000,65000,22473,504,400.0,1304.9461002825635,4.977083999619936,65010.69696899867,1320.7012414897877
1700984888,1000,,Aggregated,91.300000,0.000000,400,710,950,1100,1800,3700,17000,20000,26000,29000,65000,22571,504,400.0,1300.0078883687947,4.977083999619936,65010.69696899867,1320.8327942935625
1700984889,1000,,Aggregated,91.600000,0.000000,390,710,950,1100,1700,3700,17000,20000,26000,29000,65000,22666,504,390.0,1295.2608102723489,4.977083999619936,65010.69696899867,1320.9592340951203
1700984890,1000,,Aggregated,92.700000,0.000000,390,710,950,1100,1700,3700,17000,20000,26000,29000,65000,22755,504,390.0,1290.8512687665157,4.977083999619936,65010.69696899867,1321.0767303889254
1700984891,1000,,Aggregated,92.500000,0.000000,390,700,940,1100,1700,3700,17000,20000,26000,29000,65000,22842,504,390.0,1286.5882860296413,4.977083999619936,65010.69696899867,1321.1907013396376
1700984892,1000,,Aggregated,93.800000,0.000000,380,700,940,1100,1700,3700,17000,20000,26000,29000,65000,22929,504,380.0,1282.34716381347,4.977083999619936,65010.69696899867,1321.3038074054691
1700984893,1000,,Aggregated,91.000000,0.000000,380,700,930,1100,1700,3700,17000,20000,26000,29000,65000,23020,504,380.0,1277.9395800523039,4.977083999619936,65010.69696899867,1321.4211989574283
1700984894,1000,,Aggregated,89.400000,0.000000,380,700,930,1100,1700,3700,17000,20000,26000,29000,65000,23110,504,380.0,1273.6223310850733,4.977083999619936,65010.69696899867,1321.5363911726524
1700984895,1000,,Aggregated,88.400000,0.000000,380,690,930,1100,1700,3700,17000,20000,26000,29000,65000,23212,504,380.0,1268.7624070393774,4.977083999619936,65010.69696899867,1321.6658624849215
1700984896,1000,,Aggregated,88.000000,0.000000,370,690,920,1100,1700,3700,17000,20000,26000,34000,65000,23322,504,370.0,1266.3662499771465,4.977083999619936,65320.11257399972,1321.804219192179
1700984897,1000,,Aggregated,89.400000,0.000000,370,690,920,1100,1700,3500,17000,20000,26000,34000,65000,23418,504,370.0,1261.859130670895,4.977083999619936,65320.11257399972,1321.923904688701
1700984898,1000,,Aggregated,94.400000,0.000000,360,680,920,1100,1700,3500,17000,20000,26000,34000,65000,23499,504,360.0,1258.0852678890592,4.977083999619936,65320.11257399972,1322.024128686327
1700984899,1000,,Aggregated,94.700000,0.000000,360,680,910,1100,1700,3500,17000,20000,26000,34000,65000,23580,504,360.0,1254.335902046692,4.977083999619936,65320.11257399972,1322.1236641221374
1700984900,1000,,Aggregated,93.100000,0.000000,360,680,910,1100,1700,3400,17000,20000,26000,34000,65000,23683,504,360.0,1249.613091972806,4.977083999619936,65320.11257399972,1322.2492505172486
1700984901,1000,,Aggregated,91.400000,0.000000,360,680,900,1100,1700,3400,17000,20000,26000,34000,65000,23778,504,360.0,1245.2890929827545,4.977083999619936,65320.11257399972,1322.3641180923544
1700984902,1000,,Aggregated,91.100000,0.000000,350,670,900,1100,1700,3400,17000,20000,26000,34000,65000,23860,504,350.0,1241.5851237314314,4.977083999619936,65320.11257399972,1322.4625314333612
1700984903,1000,,Aggregated,93.100000,0.000000,350,670,900,1100,1700,3400,17000,20000,26000,34000,65000,23948,504,350.0,1237.6356838989045,4.977083999619936,65320.11257399972,1322.5673960247202
1700984904,1000,,Aggregated,92.700000,0.000000,350,670,890,1100,1700,3400,17000,20000,26000,34000,65000,24043,504,350.0,1233.410858416129,4.977083999619936,65320.11257399972,1322.6797404650001
1700984905,1000,,Aggregated,94.300000,0.000000,350,660,890,1100,1600,3400,17000,20000,26000,34000,65000,24146,504,350.0,1228.8667141122337,4.977083999619936,65320.11257399972,1322.8005466743973
1700984906,1000,,Aggregated,93.200000,0.000000,350,660,890,1100,1600,3400,17000,20000,26000,34000,65000,24219,504,350.0,1225.6707679082526,4.977083999619936,65320.11257399972,1322.8855444072835
1700984907,1000,,Aggregated,94.300000,0.000000,340,660,880,1100,1600,3400,17000,20000,26000,34000,65000,24298,504,340.0,1222.2786737304295,4.977083999619936,65320.11257399972,1322.9769528356244
1700984908,1000,,Aggregated,90.100000,0.000000,340,650,880,1100,1600,3400,17000,20000,26000,34000,65000,24392,504,340.0,1218.2189352498347,4.977083999619936,65320.11257399972,1323.0849458838964
1700984909,1000,,Aggregated,87.400000,0.000000,340,650,880,1100,1600,3400,17000,20000,26000,34000,65000,24488,504,340.0,1214.1732360912267,4.977083999619936,65320.11257399972,1323.1943809212676
1700984910,1000,,Aggregated,89.000000,0.000000,340,640,870,1100,1600,3400,17000,20000,26000,34000,65000,24578,504,340.0,1210.3419375126114,4.977083999619936,65320.11257399972,1323.2961998535275
1700984911,1000,,Aggregated,91.200000,0.000000,340,640,870,1000,1600,3400,17000,20000,26000,34000,65000,24677,504,340.0,1206.1586066667735,4.977083999619936,65320.11257399972,1323.407342869879
1700984912,1000,,Aggregated,90.200000,0.000000,330,640,870,1000,1600,3300,17000,20000,26000,34000,65000,24782,504,330.0,1201.7555213595733,4.977083999619936,65320.11257399972,1323.5242514728432
1700984913,1000,,Aggregated,90.000000,0.000000,330,630,870,1000,1600,3300,16000,20000,26000,34000,65000,24860,504,330.0,1198.507428261462,4.977083999619936,65320.11257399972,1323.6104585679807
1700984914,1000,,Aggregated,91.500000,0.000000,330,630,860,1000,1600,3300,16000,20000,26000,34000,65000,24948,504,330.0,1194.8694650994842,4.977083999619936,65320.11257399972,1323.7070707070707
1700984915,1000,,Aggregated,90.200000,0.000000,330,630,860,1000,1600,3300,16000,20000,26000,34000,65000,25044,504,330.0,1190.93073087318,4.977083999619936,65320.11257399972,1323.8116914230955
1700984916,1000,,Aggregated,91.200000,0.000000,320,630,860,1000,1600,3200,15000,20000,26000,34000,65000,25135,504,320.0,1187.222388607954,4.977083999619936,65320.11257399972,1323.9101253232545
1700984917,1000,,Aggregated,89.500000,0.000000,320,620,850,1000,1600,3200,15000,20000,26000,34000,65000,25221,504,320.0,1183.7449784907787,4.977083999619936,65320.11257399972,1324.0024979184013
1700984918,1000,,Aggregated,91.800000,0.000000,320,620,850,1000,1600,3200,15000,20000,26000,34000,65000,25325,504,320.0,1179.5816851068878,4.977083999619936,65320.11257399972,1324.1133662388943
1700984919,1000,,Aggregated,91.300000,0.000000,320,620,850,1000,1600,3200,15000,20000,26000,34000,65000,25405,504,320.0,1176.3930802452248,4.977083999619936,65320.11257399972,1324.1980318834876
1700984920,1000,,Aggregated,93.000000,0.000000,310,620,850,1000,1600,3200,15000,20000,26000,34000,65000,25494,504,310.0,1172.8771240860958,4.977083999619936,65320.11257399972,1324.2915980230644
1700984921,1000,,Aggregated,91.900000,0.000000,310,610,850,1000,1600,3100,15000,20000,26000,34000,65000,25581,504,310.0,1169.4578828017638,4.977083999619936,65320.11257399972,1324.3824322739533
1700984922,1000,,Aggregated,91.600000,0.000000,310,610,840,1000,1600,3100,15000,20000,26000,34000,65000,25666,504,310.0,1166.1412516094022,4.977083999619936,65320.11257399972,1324.4705836515234
1700984923,1000,,Aggregated,89.600000,0.000000,310,610,840,1000,1600,3100,15000,20000,26000,34000,65000,25763,504,310.0,1162.3805177933052,4.977083999619936,65320.11257399972,1324.5704692776462
1700984924,1000,,Aggregated,89.300000,0.000000,300,610,840,1000,1600,3000,15000,20000,26000,34000,65000,25858,504,300.0,1158.7259953088383,4.977083999619936,65320.11257399972,1324.667569030861
1700984925,0,,Aggregated,89.300000,0.000000,300,600,840,1000,1600,3000,15000,20000,26000,34000,65000,25937,504,300.0,1155.7060127274142,4.977083999619936,65320.11257399972,1324.7477734510544
1700984926,0,,Aggregated,89.300000,0.000000,300,600,840,1000,1600,3000,15000,20000,26000,34000,65000,25937,504,300.0,1155.7060127274142,4.977083999619936,65320.11257399972,1324.7477734510544
